{"cameraMode":{"drawMode":0,"name":"Shaded","section":"Shading Mode"},"sceneLighting":false,"audioPlay":false,"sceneViewState":{"m_AlwaysRefresh":false,"showFog":true,"showSkybox":true,"showFlares":true,"showImageEffects":true,"showParticleSystems":true,"showVisualEffectGraphs":true,"m_FxEnabled":true},"in2DMode":false,"pivot":{"x":-26.007492065429689,"y":5.84662389755249,"z":3.5668749809265138},"rotation":{"x":-0.0037950235418975355,"y":-0.33486223220825198,"z":-0.0018706138944253326,"w":0.9426588416099548},"size":0.7848947048187256,"orthographic":false}