{"cameraMode":{"drawMode":0,"name":"Shaded","section":"Shading Mode"},"sceneLighting":false,"audioPlay":false,"sceneViewState":{"m_AlwaysRefresh":false,"showFog":true,"showSkybox":true,"showFlares":true,"showImageEffects":true,"showParticleSystems":true,"showVisualEffectGraphs":true,"m_FxEnabled":true},"in2DMode":false,"pivot":{"x":-79.50666046142578,"y":14.542269706726075,"z":41.892799377441409},"rotation":{"x":-0.059577155858278278,"y":-0.8966758251190186,"z":0.12766706943511964,"w":-0.4205857515335083},"size":1.5586129426956177,"orthographic":false}