{"cameraMode":{"drawMode":0,"name":"Shaded","section":"Shading Mode"},"sceneLighting":false,"audioPlay":false,"sceneViewState":{"m_AlwaysRefresh":false,"showFog":true,"showSkybox":true,"showFlares":true,"showImageEffects":true,"showParticleSystems":true,"showVisualEffectGraphs":true,"m_FxEnabled":true},"in2DMode":false,"pivot":{"x":-14.351943016052246,"y":0.3667871654033661,"z":76.4117202758789},"rotation":{"x":-0.015264462679624558,"y":-0.8798025250434876,"z":-0.027222471311688424,"w":0.4750553071498871},"size":0.7848947048187256,"orthographic":false}