{"cameraMode":{"drawMode":0,"name":"Shaded","section":"Shading Mode"},"sceneLighting":false,"audioPlay":false,"sceneViewState":{"m_AlwaysRefresh":false,"showFog":true,"showSkybox":true,"showFlares":true,"showImageEffects":true,"showParticleSystems":true,"showVisualEffectGraphs":true,"m_FxEnabled":true},"in2DMode":false,"pivot":{"x":-72.86253356933594,"y":17.821420669555665,"z":53.80143356323242},"rotation":{"x":-0.03663225844502449,"y":-0.7729679346084595,"z":0.04404831305146217,"w":-0.6323620080947876},"size":0.19985507428646089,"orthographic":false}